ticket_id,subject,description,affected_users,category,priority,assignment_group,resolution
SYN-1000,MFA prompt loop,Company-wide report that the account remains locked after self-service recovery. Production work is stopped and no workaround exists. The issue began after a scheduled change.,850,Access & Identity,P1,Identity Operations,reviewed sign-in logs and corrected policy targeting
SYN-1001,Account locked after password reset,All customer-facing teams report that the application reports insufficient permissions. Production work is stopped and no workaround exists. The issue began after a scheduled change.,420,Access & Identity,P1,Identity Operations,restored the account and verified MFA
SYN-1002,New starter cannot access portal,Company-wide report that privileged access activation is unavailable. Production work is stopped and no workaround exists. No recent local changes are known.,850,Access & Identity,P1,Identity Operations,reapplied the approved role and tested least-privilege access
SYN-1003,Admin role assignment missing,All customer-facing teams report that the account remains locked after self-service recovery. Production work is stopped and no workaround exists. The requester reproduced the issue twice.,420,Access & Identity,P1,Identity Operations,reviewed sign-in logs and corrected policy targeting
SYN-1004,SSO redirects back to login,Company-wide report that the application reports insufficient permissions. Production work is stopped and no workaround exists. The requester reproduced the issue twice.,850,Access & Identity,P1,Identity Operations,restored the account and verified MFA
SYN-1005,Conditional Access block,All customer-facing teams report that privileged access activation is unavailable. Production work is stopped and no workaround exists. The requester reproduced the issue twice.,420,Access & Identity,P1,Identity Operations,reapplied the approved role and tested least-privilege access
SYN-1006,MFA prompt loop,Company-wide report that the account remains locked after self-service recovery. Production work is stopped and no workaround exists. The issue began after a scheduled change.,850,Access & Identity,P1,Identity Operations,reviewed sign-in logs and corrected policy targeting
SYN-1007,Account locked after password reset,All customer-facing teams report that the application reports insufficient permissions. Production work is stopped and no workaround exists. The issue began after a scheduled change.,420,Access & Identity,P1,Identity Operations,restored the account and verified MFA
SYN-1008,New starter cannot access portal,Company-wide report that privileged access activation is unavailable. Production work is stopped and no workaround exists. Initial restart and retry steps did not resolve it.,850,Access & Identity,P1,Identity Operations,reapplied the approved role and tested least-privilege access
SYN-1009,Admin role assignment missing,All customer-facing teams report that the account remains locked after self-service recovery. Production work is stopped and no workaround exists. The issue began after a scheduled change.,420,Access & Identity,P1,Identity Operations,reviewed sign-in logs and corrected policy targeting
SYN-1010,SSO redirects back to login,Company-wide report that the application reports insufficient permissions. Production work is stopped and no workaround exists. The issue began after a scheduled change.,850,Access & Identity,P1,Identity Operations,restored the account and verified MFA
SYN-1011,Conditional Access block,All customer-facing teams report that privileged access activation is unavailable. Production work is stopped and no workaround exists. The issue began after a scheduled change.,420,Access & Identity,P1,Identity Operations,reapplied the approved role and tested least-privilege access
SYN-1012,MFA prompt loop,Multiple departments report that the account remains locked after self-service recovery. Critical business activity is degraded and the workaround is limited. The requester reproduced the issue twice.,95,Access & Identity,P2,Identity Operations,reviewed sign-in logs and corrected policy targeting
SYN-1013,Account locked after password reset,An entire office report that the application reports insufficient permissions. Critical business activity is degraded and the workaround is limited. The requester reproduced the issue twice.,140,Access & Identity,P2,Identity Operations,restored the account and verified MFA
SYN-1014,New starter cannot access portal,Multiple departments report that privileged access activation is unavailable. Critical business activity is degraded and the workaround is limited. The issue began after a scheduled change.,95,Access & Identity,P2,Identity Operations,reapplied the approved role and tested least-privilege access
SYN-1015,Admin role assignment missing,An entire office report that the account remains locked after self-service recovery. Critical business activity is degraded and the workaround is limited. The requester reproduced the issue twice.,140,Access & Identity,P2,Identity Operations,reviewed sign-in logs and corrected policy targeting
SYN-1016,SSO redirects back to login,Multiple departments report that the application reports insufficient permissions. Critical business activity is degraded and the workaround is limited. Initial restart and retry steps did not resolve it.,95,Access & Identity,P2,Identity Operations,restored the account and verified MFA
SYN-1017,Conditional Access block,An entire office report that privileged access activation is unavailable. Critical business activity is degraded and the workaround is limited. The requester reproduced the issue twice.,140,Access & Identity,P2,Identity Operations,reapplied the approved role and tested least-privilege access
SYN-1018,MFA prompt loop,Multiple departments report that the account remains locked after self-service recovery. Critical business activity is degraded and the workaround is limited. Initial restart and retry steps did not resolve it.,95,Access & Identity,P2,Identity Operations,reviewed sign-in logs and corrected policy targeting
SYN-1019,Account locked after password reset,An entire office report that the application reports insufficient permissions. Critical business activity is degraded and the workaround is limited. No recent local changes are known.,140,Access & Identity,P2,Identity Operations,restored the account and verified MFA
SYN-1020,New starter cannot access portal,Multiple departments report that privileged access activation is unavailable. Critical business activity is degraded and the workaround is limited. The issue began after a scheduled change.,95,Access & Identity,P2,Identity Operations,reapplied the approved role and tested least-privilege access
SYN-1021,Admin role assignment missing,An entire office report that the account remains locked after self-service recovery. Critical business activity is degraded and the workaround is limited. The requester reproduced the issue twice.,140,Access & Identity,P2,Identity Operations,reviewed sign-in logs and corrected policy targeting
SYN-1022,SSO redirects back to login,Multiple departments report that the application reports insufficient permissions. Critical business activity is degraded and the workaround is limited. Initial restart and retry steps did not resolve it.,95,Access & Identity,P2,Identity Operations,restored the account and verified MFA
SYN-1023,Conditional Access block,An entire office report that privileged access activation is unavailable. Critical business activity is degraded and the workaround is limited. No recent local changes are known.,140,Access & Identity,P2,Identity Operations,reapplied the approved role and tested least-privilege access
SYN-1024,MFA prompt loop,"A small team report that the account remains locked after self-service recovery. Normal work is affected, but a temporary workaround is available. No recent local changes are known.",8,Access & Identity,P3,Identity Operations,reviewed sign-in logs and corrected policy targeting
SYN-1025,Account locked after password reset,"Several employees report that the application reports insufficient permissions. Normal work is affected, but a temporary workaround is available. The requester reproduced the issue twice.",5,Access & Identity,P3,Identity Operations,restored the account and verified MFA
SYN-1026,New starter cannot access portal,"A small team report that privileged access activation is unavailable. Normal work is affected, but a temporary workaround is available. The requester reproduced the issue twice.",8,Access & Identity,P3,Identity Operations,reapplied the approved role and tested least-privilege access
SYN-1027,Admin role assignment missing,"Several employees report that the account remains locked after self-service recovery. Normal work is affected, but a temporary workaround is available. No recent local changes are known.",5,Access & Identity,P3,Identity Operations,reviewed sign-in logs and corrected policy targeting
SYN-1028,SSO redirects back to login,"A small team report that the application reports insufficient permissions. Normal work is affected, but a temporary workaround is available. The issue began after a scheduled change.",8,Access & Identity,P3,Identity Operations,restored the account and verified MFA
SYN-1029,Conditional Access block,"Several employees report that privileged access activation is unavailable. Normal work is affected, but a temporary workaround is available. The issue began after a scheduled change.",5,Access & Identity,P3,Identity Operations,reapplied the approved role and tested least-privilege access
SYN-1030,MFA prompt loop,"A small team report that the account remains locked after self-service recovery. Normal work is affected, but a temporary workaround is available. Initial restart and retry steps did not resolve it.",8,Access & Identity,P3,Identity Operations,reviewed sign-in logs and corrected policy targeting
SYN-1031,Account locked after password reset,"Several employees report that the application reports insufficient permissions. Normal work is affected, but a temporary workaround is available. The issue began after a scheduled change.",5,Access & Identity,P3,Identity Operations,restored the account and verified MFA
SYN-1032,New starter cannot access portal,"A small team report that privileged access activation is unavailable. Normal work is affected, but a temporary workaround is available. No recent local changes are known.",8,Access & Identity,P3,Identity Operations,reapplied the approved role and tested least-privilege access
SYN-1033,Admin role assignment missing,"Several employees report that the account remains locked after self-service recovery. Normal work is affected, but a temporary workaround is available. No recent local changes are known.",5,Access & Identity,P3,Identity Operations,reviewed sign-in logs and corrected policy targeting
SYN-1034,SSO redirects back to login,"A small team report that the application reports insufficient permissions. Normal work is affected, but a temporary workaround is available. No recent local changes are known.",8,Access & Identity,P3,Identity Operations,restored the account and verified MFA
SYN-1035,Conditional Access block,"Several employees report that privileged access activation is unavailable. Normal work is affected, but a temporary workaround is available. The issue began after a scheduled change.",5,Access & Identity,P3,Identity Operations,reapplied the approved role and tested least-privilege access
SYN-1036,MFA prompt loop,One employee report that the account remains locked after self-service recovery. This is a low-impact request with a flexible completion time. Initial restart and retry steps did not resolve it.,1,Access & Identity,P4,Identity Operations,reviewed sign-in logs and corrected policy targeting
SYN-1037,Account locked after password reset,A new starter report that the application reports insufficient permissions. This is a low-impact request with a flexible completion time. The issue began after a scheduled change.,1,Access & Identity,P4,Identity Operations,restored the account and verified MFA
SYN-1038,New starter cannot access portal,One employee report that privileged access activation is unavailable. This is a low-impact request with a flexible completion time. Initial restart and retry steps did not resolve it.,1,Access & Identity,P4,Identity Operations,reapplied the approved role and tested least-privilege access
SYN-1039,Admin role assignment missing,A new starter report that the account remains locked after self-service recovery. This is a low-impact request with a flexible completion time. The issue began after a scheduled change.,1,Access & Identity,P4,Identity Operations,reviewed sign-in logs and corrected policy targeting
SYN-1040,SSO redirects back to login,One employee report that the application reports insufficient permissions. This is a low-impact request with a flexible completion time. No recent local changes are known.,1,Access & Identity,P4,Identity Operations,restored the account and verified MFA
SYN-1041,Conditional Access block,A new starter report that privileged access activation is unavailable. This is a low-impact request with a flexible completion time. No recent local changes are known.,1,Access & Identity,P4,Identity Operations,reapplied the approved role and tested least-privilege access
SYN-1042,MFA prompt loop,One employee report that the account remains locked after self-service recovery. This is a low-impact request with a flexible completion time. The requester reproduced the issue twice.,1,Access & Identity,P4,Identity Operations,reviewed sign-in logs and corrected policy targeting
SYN-1043,Account locked after password reset,A new starter report that the application reports insufficient permissions. This is a low-impact request with a flexible completion time. The issue began after a scheduled change.,1,Access & Identity,P4,Identity Operations,restored the account and verified MFA
SYN-1044,New starter cannot access portal,One employee report that privileged access activation is unavailable. This is a low-impact request with a flexible completion time. The issue began after a scheduled change.,1,Access & Identity,P4,Identity Operations,reapplied the approved role and tested least-privilege access
SYN-1045,Admin role assignment missing,A new starter report that the account remains locked after self-service recovery. This is a low-impact request with a flexible completion time. The requester reproduced the issue twice.,1,Access & Identity,P4,Identity Operations,reviewed sign-in logs and corrected policy targeting
SYN-1046,SSO redirects back to login,One employee report that the application reports insufficient permissions. This is a low-impact request with a flexible completion time. No recent local changes are known.,1,Access & Identity,P4,Identity Operations,restored the account and verified MFA
SYN-1047,Conditional Access block,A new starter report that privileged access activation is unavailable. This is a low-impact request with a flexible completion time. The issue began after a scheduled change.,1,Access & Identity,P4,Identity Operations,reapplied the approved role and tested least-privilege access
SYN-1048,Virtual machine health check failed,Company-wide report that health probes report an unhealthy backend. Production work is stopped and no workaround exists. The requester reproduced the issue twice.,850,Cloud & Infrastructure,P1,Cloud Platform Engineering,rolled back the release and validated health probes
SYN-1049,Container deployment is unavailable,All customer-facing teams report that latency increased across the hosted service. Production work is stopped and no workaround exists. The issue began after a scheduled change.,420,Cloud & Infrastructure,P1,Cloud Platform Engineering,corrected resource configuration and redeployed
SYN-1050,Storage account latency,Company-wide report that capacity remains exhausted during peak demand. Production work is stopped and no workaround exists. Initial restart and retry steps did not resolve it.,850,Cloud & Infrastructure,P1,Cloud Platform Engineering,restored capacity and verified platform telemetry
SYN-1051,Resource group deployment error,All customer-facing teams report that health probes report an unhealthy backend. Production work is stopped and no workaround exists. No recent local changes are known.,420,Cloud & Infrastructure,P1,Cloud Platform Engineering,rolled back the release and validated health probes
SYN-1052,Cloud function timing out,Company-wide report that latency increased across the hosted service. Production work is stopped and no workaround exists. Initial restart and retry steps did not resolve it.,850,Cloud & Infrastructure,P1,Cloud Platform Engineering,corrected resource configuration and redeployed
SYN-1053,Autoscaling did not trigger,All customer-facing teams report that capacity remains exhausted during peak demand. Production work is stopped and no workaround exists. No recent local changes are known.,420,Cloud & Infrastructure,P1,Cloud Platform Engineering,restored capacity and verified platform telemetry
SYN-1054,Virtual machine health check failed,Company-wide report that health probes report an unhealthy backend. Production work is stopped and no workaround exists. The requester reproduced the issue twice.,850,Cloud & Infrastructure,P1,Cloud Platform Engineering,rolled back the release and validated health probes
SYN-1055,Container deployment is unavailable,All customer-facing teams report that latency increased across the hosted service. Production work is stopped and no workaround exists. No recent local changes are known.,420,Cloud & Infrastructure,P1,Cloud Platform Engineering,corrected resource configuration and redeployed
SYN-1056,Storage account latency,Company-wide report that capacity remains exhausted during peak demand. Production work is stopped and no workaround exists. No recent local changes are known.,850,Cloud & Infrastructure,P1,Cloud Platform Engineering,restored capacity and verified platform telemetry
SYN-1057,Resource group deployment error,All customer-facing teams report that health probes report an unhealthy backend. Production work is stopped and no workaround exists. The requester reproduced the issue twice.,420,Cloud & Infrastructure,P1,Cloud Platform Engineering,rolled back the release and validated health probes
SYN-1058,Cloud function timing out,Company-wide report that latency increased across the hosted service. Production work is stopped and no workaround exists. No recent local changes are known.,850,Cloud & Infrastructure,P1,Cloud Platform Engineering,corrected resource configuration and redeployed
SYN-1059,Autoscaling did not trigger,All customer-facing teams report that capacity remains exhausted during peak demand. Production work is stopped and no workaround exists. The issue began after a scheduled change.,420,Cloud & Infrastructure,P1,Cloud Platform Engineering,restored capacity and verified platform telemetry
SYN-1060,Virtual machine health check failed,Multiple departments report that health probes report an unhealthy backend. Critical business activity is degraded and the workaround is limited. The requester reproduced the issue twice.,95,Cloud & Infrastructure,P2,Cloud Platform Engineering,rolled back the release and validated health probes
SYN-1061,Container deployment is unavailable,An entire office report that latency increased across the hosted service. Critical business activity is degraded and the workaround is limited. The requester reproduced the issue twice.,140,Cloud & Infrastructure,P2,Cloud Platform Engineering,corrected resource configuration and redeployed
SYN-1062,Storage account latency,Multiple departments report that capacity remains exhausted during peak demand. Critical business activity is degraded and the workaround is limited. The requester reproduced the issue twice.,95,Cloud & Infrastructure,P2,Cloud Platform Engineering,restored capacity and verified platform telemetry
SYN-1063,Resource group deployment error,An entire office report that health probes report an unhealthy backend. Critical business activity is degraded and the workaround is limited. Initial restart and retry steps did not resolve it.,140,Cloud & Infrastructure,P2,Cloud Platform Engineering,rolled back the release and validated health probes
SYN-1064,Cloud function timing out,Multiple departments report that latency increased across the hosted service. Critical business activity is degraded and the workaround is limited. Initial restart and retry steps did not resolve it.,95,Cloud & Infrastructure,P2,Cloud Platform Engineering,corrected resource configuration and redeployed
SYN-1065,Autoscaling did not trigger,An entire office report that capacity remains exhausted during peak demand. Critical business activity is degraded and the workaround is limited. No recent local changes are known.,140,Cloud & Infrastructure,P2,Cloud Platform Engineering,restored capacity and verified platform telemetry
SYN-1066,Virtual machine health check failed,Multiple departments report that health probes report an unhealthy backend. Critical business activity is degraded and the workaround is limited. The requester reproduced the issue twice.,95,Cloud & Infrastructure,P2,Cloud Platform Engineering,rolled back the release and validated health probes
SYN-1067,Container deployment is unavailable,An entire office report that latency increased across the hosted service. Critical business activity is degraded and the workaround is limited. No recent local changes are known.,140,Cloud & Infrastructure,P2,Cloud Platform Engineering,corrected resource configuration and redeployed
SYN-1068,Storage account latency,Multiple departments report that capacity remains exhausted during peak demand. Critical business activity is degraded and the workaround is limited. The issue began after a scheduled change.,95,Cloud & Infrastructure,P2,Cloud Platform Engineering,restored capacity and verified platform telemetry
SYN-1069,Resource group deployment error,An entire office report that health probes report an unhealthy backend. Critical business activity is degraded and the workaround is limited. The requester reproduced the issue twice.,140,Cloud & Infrastructure,P2,Cloud Platform Engineering,rolled back the release and validated health probes
SYN-1070,Cloud function timing out,Multiple departments report that latency increased across the hosted service. Critical business activity is degraded and the workaround is limited. The issue began after a scheduled change.,95,Cloud & Infrastructure,P2,Cloud Platform Engineering,corrected resource configuration and redeployed
SYN-1071,Autoscaling did not trigger,An entire office report that capacity remains exhausted during peak demand. Critical business activity is degraded and the workaround is limited. No recent local changes are known.,140,Cloud & Infrastructure,P2,Cloud Platform Engineering,restored capacity and verified platform telemetry
SYN-1072,Virtual machine health check failed,"A small team report that health probes report an unhealthy backend. Normal work is affected, but a temporary workaround is available. Initial restart and retry steps did not resolve it.",8,Cloud & Infrastructure,P3,Cloud Platform Engineering,rolled back the release and validated health probes
SYN-1073,Container deployment is unavailable,"Several employees report that latency increased across the hosted service. Normal work is affected, but a temporary workaround is available. No recent local changes are known.",5,Cloud & Infrastructure,P3,Cloud Platform Engineering,corrected resource configuration and redeployed
SYN-1074,Storage account latency,"A small team report that capacity remains exhausted during peak demand. Normal work is affected, but a temporary workaround is available. The issue began after a scheduled change.",8,Cloud & Infrastructure,P3,Cloud Platform Engineering,restored capacity and verified platform telemetry
SYN-1075,Resource group deployment error,"Several employees report that health probes report an unhealthy backend. Normal work is affected, but a temporary workaround is available. The requester reproduced the issue twice.",5,Cloud & Infrastructure,P3,Cloud Platform Engineering,rolled back the release and validated health probes
SYN-1076,Cloud function timing out,"A small team report that latency increased across the hosted service. Normal work is affected, but a temporary workaround is available. No recent local changes are known.",8,Cloud & Infrastructure,P3,Cloud Platform Engineering,corrected resource configuration and redeployed
SYN-1077,Autoscaling did not trigger,"Several employees report that capacity remains exhausted during peak demand. Normal work is affected, but a temporary workaround is available. The requester reproduced the issue twice.",5,Cloud & Infrastructure,P3,Cloud Platform Engineering,restored capacity and verified platform telemetry
SYN-1078,Virtual machine health check failed,"A small team report that health probes report an unhealthy backend. Normal work is affected, but a temporary workaround is available. Initial restart and retry steps did not resolve it.",8,Cloud & Infrastructure,P3,Cloud Platform Engineering,rolled back the release and validated health probes
SYN-1079,Container deployment is unavailable,"Several employees report that latency increased across the hosted service. Normal work is affected, but a temporary workaround is available. Initial restart and retry steps did not resolve it.",5,Cloud & Infrastructure,P3,Cloud Platform Engineering,corrected resource configuration and redeployed
SYN-1080,Storage account latency,"A small team report that capacity remains exhausted during peak demand. Normal work is affected, but a temporary workaround is available. Initial restart and retry steps did not resolve it.",8,Cloud & Infrastructure,P3,Cloud Platform Engineering,restored capacity and verified platform telemetry
SYN-1081,Resource group deployment error,"Several employees report that health probes report an unhealthy backend. Normal work is affected, but a temporary workaround is available. The requester reproduced the issue twice.",5,Cloud & Infrastructure,P3,Cloud Platform Engineering,rolled back the release and validated health probes
SYN-1082,Cloud function timing out,"A small team report that latency increased across the hosted service. Normal work is affected, but a temporary workaround is available. No recent local changes are known.",8,Cloud & Infrastructure,P3,Cloud Platform Engineering,corrected resource configuration and redeployed
SYN-1083,Autoscaling did not trigger,"Several employees report that capacity remains exhausted during peak demand. Normal work is affected, but a temporary workaround is available. The requester reproduced the issue twice.",5,Cloud & Infrastructure,P3,Cloud Platform Engineering,restored capacity and verified platform telemetry
SYN-1084,Virtual machine health check failed,One employee report that health probes report an unhealthy backend. This is a low-impact request with a flexible completion time. The requester reproduced the issue twice.,1,Cloud & Infrastructure,P4,Cloud Platform Engineering,rolled back the release and validated health probes
SYN-1085,Container deployment is unavailable,A new starter report that latency increased across the hosted service. This is a low-impact request with a flexible completion time. No recent local changes are known.,1,Cloud & Infrastructure,P4,Cloud Platform Engineering,corrected resource configuration and redeployed
SYN-1086,Storage account latency,One employee report that capacity remains exhausted during peak demand. This is a low-impact request with a flexible completion time. Initial restart and retry steps did not resolve it.,1,Cloud & Infrastructure,P4,Cloud Platform Engineering,restored capacity and verified platform telemetry
SYN-1087,Resource group deployment error,A new starter report that health probes report an unhealthy backend. This is a low-impact request with a flexible completion time. Initial restart and retry steps did not resolve it.,1,Cloud & Infrastructure,P4,Cloud Platform Engineering,rolled back the release and validated health probes
SYN-1088,Cloud function timing out,One employee report that latency increased across the hosted service. This is a low-impact request with a flexible completion time. No recent local changes are known.,1,Cloud & Infrastructure,P4,Cloud Platform Engineering,corrected resource configuration and redeployed
SYN-1089,Autoscaling did not trigger,A new starter report that capacity remains exhausted during peak demand. This is a low-impact request with a flexible completion time. The requester reproduced the issue twice.,1,Cloud & Infrastructure,P4,Cloud Platform Engineering,restored capacity and verified platform telemetry
SYN-1090,Virtual machine health check failed,One employee report that health probes report an unhealthy backend. This is a low-impact request with a flexible completion time. The requester reproduced the issue twice.,1,Cloud & Infrastructure,P4,Cloud Platform Engineering,rolled back the release and validated health probes
SYN-1091,Container deployment is unavailable,A new starter report that latency increased across the hosted service. This is a low-impact request with a flexible completion time. Initial restart and retry steps did not resolve it.,1,Cloud & Infrastructure,P4,Cloud Platform Engineering,corrected resource configuration and redeployed
SYN-1092,Storage account latency,One employee report that capacity remains exhausted during peak demand. This is a low-impact request with a flexible completion time. The issue began after a scheduled change.,1,Cloud & Infrastructure,P4,Cloud Platform Engineering,restored capacity and verified platform telemetry
SYN-1093,Resource group deployment error,A new starter report that health probes report an unhealthy backend. This is a low-impact request with a flexible completion time. The issue began after a scheduled change.,1,Cloud & Infrastructure,P4,Cloud Platform Engineering,rolled back the release and validated health probes
SYN-1094,Cloud function timing out,One employee report that latency increased across the hosted service. This is a low-impact request with a flexible completion time. The issue began after a scheduled change.,1,Cloud & Infrastructure,P4,Cloud Platform Engineering,corrected resource configuration and redeployed
SYN-1095,Autoscaling did not trigger,A new starter report that capacity remains exhausted during peak demand. This is a low-impact request with a flexible completion time. The requester reproduced the issue twice.,1,Cloud & Infrastructure,P4,Cloud Platform Engineering,restored capacity and verified platform telemetry
SYN-1096,Database connections exhausted,Company-wide report that reports are missing recently committed records. Production work is stopped and no workaround exists. The requester reproduced the issue twice.,850,Data & Database,P1,Data Services,cleared the connection leak and verified pool health
SYN-1097,Report contains stale records,All customer-facing teams report that the replica is behind the primary. Production work is stopped and no workaround exists. Initial restart and retry steps did not resolve it.,420,Data & Database,P1,Data Services,repaired the pipeline and reconciled record counts
SYN-1098,Query performance degraded,Company-wide report that the data load reports validation failures. Production work is stopped and no workaround exists. The issue began after a scheduled change.,850,Data & Database,P1,Data Services,optimized the query and validated data correctness
SYN-1099,Replication delay detected,All customer-facing teams report that reports are missing recently committed records. Production work is stopped and no workaround exists. Initial restart and retry steps did not resolve it.,420,Data & Database,P1,Data Services,cleared the connection leak and verified pool health
SYN-1100,Schema migration failed,Company-wide report that the replica is behind the primary. Production work is stopped and no workaround exists. Initial restart and retry steps did not resolve it.,850,Data & Database,P1,Data Services,repaired the pipeline and reconciled record counts
SYN-1101,Nightly import rejected rows,All customer-facing teams report that the data load reports validation failures. Production work is stopped and no workaround exists. Initial restart and retry steps did not resolve it.,420,Data & Database,P1,Data Services,optimized the query and validated data correctness
SYN-1102,Database connections exhausted,Company-wide report that reports are missing recently committed records. Production work is stopped and no workaround exists. No recent local changes are known.,850,Data & Database,P1,Data Services,cleared the connection leak and verified pool health
SYN-1103,Report contains stale records,All customer-facing teams report that the replica is behind the primary. Production work is stopped and no workaround exists. The issue began after a scheduled change.,420,Data & Database,P1,Data Services,repaired the pipeline and reconciled record counts
SYN-1104,Query performance degraded,Company-wide report that the data load reports validation failures. Production work is stopped and no workaround exists. The issue began after a scheduled change.,850,Data & Database,P1,Data Services,optimized the query and validated data correctness
SYN-1105,Replication delay detected,All customer-facing teams report that reports are missing recently committed records. Production work is stopped and no workaround exists. No recent local changes are known.,420,Data & Database,P1,Data Services,cleared the connection leak and verified pool health
SYN-1106,Schema migration failed,Company-wide report that the replica is behind the primary. Production work is stopped and no workaround exists. No recent local changes are known.,850,Data & Database,P1,Data Services,repaired the pipeline and reconciled record counts
SYN-1107,Nightly import rejected rows,All customer-facing teams report that the data load reports validation failures. Production work is stopped and no workaround exists. The issue began after a scheduled change.,420,Data & Database,P1,Data Services,optimized the query and validated data correctness
SYN-1108,Database connections exhausted,Multiple departments report that reports are missing recently committed records. Critical business activity is degraded and the workaround is limited. No recent local changes are known.,95,Data & Database,P2,Data Services,cleared the connection leak and verified pool health
SYN-1109,Report contains stale records,An entire office report that the replica is behind the primary. Critical business activity is degraded and the workaround is limited. Initial restart and retry steps did not resolve it.,140,Data & Database,P2,Data Services,repaired the pipeline and reconciled record counts
SYN-1110,Query performance degraded,Multiple departments report that the data load reports validation failures. Critical business activity is degraded and the workaround is limited. The requester reproduced the issue twice.,95,Data & Database,P2,Data Services,optimized the query and validated data correctness
SYN-1111,Replication delay detected,An entire office report that reports are missing recently committed records. Critical business activity is degraded and the workaround is limited. Initial restart and retry steps did not resolve it.,140,Data & Database,P2,Data Services,cleared the connection leak and verified pool health
SYN-1112,Schema migration failed,Multiple departments report that the replica is behind the primary. Critical business activity is degraded and the workaround is limited. The issue began after a scheduled change.,95,Data & Database,P2,Data Services,repaired the pipeline and reconciled record counts
SYN-1113,Nightly import rejected rows,An entire office report that the data load reports validation failures. Critical business activity is degraded and the workaround is limited. No recent local changes are known.,140,Data & Database,P2,Data Services,optimized the query and validated data correctness
SYN-1114,Database connections exhausted,Multiple departments report that reports are missing recently committed records. Critical business activity is degraded and the workaround is limited. The requester reproduced the issue twice.,95,Data & Database,P2,Data Services,cleared the connection leak and verified pool health
SYN-1115,Report contains stale records,An entire office report that the replica is behind the primary. Critical business activity is degraded and the workaround is limited. The issue began after a scheduled change.,140,Data & Database,P2,Data Services,repaired the pipeline and reconciled record counts
SYN-1116,Query performance degraded,Multiple departments report that the data load reports validation failures. Critical business activity is degraded and the workaround is limited. No recent local changes are known.,95,Data & Database,P2,Data Services,optimized the query and validated data correctness
SYN-1117,Replication delay detected,An entire office report that reports are missing recently committed records. Critical business activity is degraded and the workaround is limited. The requester reproduced the issue twice.,140,Data & Database,P2,Data Services,cleared the connection leak and verified pool health
SYN-1118,Schema migration failed,Multiple departments report that the replica is behind the primary. Critical business activity is degraded and the workaround is limited. The requester reproduced the issue twice.,95,Data & Database,P2,Data Services,repaired the pipeline and reconciled record counts
SYN-1119,Nightly import rejected rows,An entire office report that the data load reports validation failures. Critical business activity is degraded and the workaround is limited. No recent local changes are known.,140,Data & Database,P2,Data Services,optimized the query and validated data correctness
SYN-1120,Database connections exhausted,"A small team report that reports are missing recently committed records. Normal work is affected, but a temporary workaround is available. The requester reproduced the issue twice.",8,Data & Database,P3,Data Services,cleared the connection leak and verified pool health
SYN-1121,Report contains stale records,"Several employees report that the replica is behind the primary. Normal work is affected, but a temporary workaround is available. The issue began after a scheduled change.",5,Data & Database,P3,Data Services,repaired the pipeline and reconciled record counts
SYN-1122,Query performance degraded,"A small team report that the data load reports validation failures. Normal work is affected, but a temporary workaround is available. No recent local changes are known.",8,Data & Database,P3,Data Services,optimized the query and validated data correctness
SYN-1123,Replication delay detected,"Several employees report that reports are missing recently committed records. Normal work is affected, but a temporary workaround is available. Initial restart and retry steps did not resolve it.",5,Data & Database,P3,Data Services,cleared the connection leak and verified pool health
SYN-1124,Schema migration failed,"A small team report that the replica is behind the primary. Normal work is affected, but a temporary workaround is available. The issue began after a scheduled change.",8,Data & Database,P3,Data Services,repaired the pipeline and reconciled record counts
SYN-1125,Nightly import rejected rows,"Several employees report that the data load reports validation failures. Normal work is affected, but a temporary workaround is available. The issue began after a scheduled change.",5,Data & Database,P3,Data Services,optimized the query and validated data correctness
SYN-1126,Database connections exhausted,"A small team report that reports are missing recently committed records. Normal work is affected, but a temporary workaround is available. No recent local changes are known.",8,Data & Database,P3,Data Services,cleared the connection leak and verified pool health
SYN-1127,Report contains stale records,"Several employees report that the replica is behind the primary. Normal work is affected, but a temporary workaround is available. No recent local changes are known.",5,Data & Database,P3,Data Services,repaired the pipeline and reconciled record counts
SYN-1128,Query performance degraded,"A small team report that the data load reports validation failures. Normal work is affected, but a temporary workaround is available. The requester reproduced the issue twice.",8,Data & Database,P3,Data Services,optimized the query and validated data correctness
SYN-1129,Replication delay detected,"Several employees report that reports are missing recently committed records. Normal work is affected, but a temporary workaround is available. The issue began after a scheduled change.",5,Data & Database,P3,Data Services,cleared the connection leak and verified pool health
SYN-1130,Schema migration failed,"A small team report that the replica is behind the primary. Normal work is affected, but a temporary workaround is available. The requester reproduced the issue twice.",8,Data & Database,P3,Data Services,repaired the pipeline and reconciled record counts
SYN-1131,Nightly import rejected rows,"Several employees report that the data load reports validation failures. Normal work is affected, but a temporary workaround is available. The issue began after a scheduled change.",5,Data & Database,P3,Data Services,optimized the query and validated data correctness
SYN-1132,Database connections exhausted,One employee report that reports are missing recently committed records. This is a low-impact request with a flexible completion time. The issue began after a scheduled change.,1,Data & Database,P4,Data Services,cleared the connection leak and verified pool health
SYN-1133,Report contains stale records,A new starter report that the replica is behind the primary. This is a low-impact request with a flexible completion time. Initial restart and retry steps did not resolve it.,1,Data & Database,P4,Data Services,repaired the pipeline and reconciled record counts
SYN-1134,Query performance degraded,One employee report that the data load reports validation failures. This is a low-impact request with a flexible completion time. The issue began after a scheduled change.,1,Data & Database,P4,Data Services,optimized the query and validated data correctness
SYN-1135,Replication delay detected,A new starter report that reports are missing recently committed records. This is a low-impact request with a flexible completion time. The requester reproduced the issue twice.,1,Data & Database,P4,Data Services,cleared the connection leak and verified pool health
SYN-1136,Schema migration failed,One employee report that the replica is behind the primary. This is a low-impact request with a flexible completion time. The requester reproduced the issue twice.,1,Data & Database,P4,Data Services,repaired the pipeline and reconciled record counts
SYN-1137,Nightly import rejected rows,A new starter report that the data load reports validation failures. This is a low-impact request with a flexible completion time. Initial restart and retry steps did not resolve it.,1,Data & Database,P4,Data Services,optimized the query and validated data correctness
SYN-1138,Database connections exhausted,One employee report that reports are missing recently committed records. This is a low-impact request with a flexible completion time. The requester reproduced the issue twice.,1,Data & Database,P4,Data Services,cleared the connection leak and verified pool health
SYN-1139,Report contains stale records,A new starter report that the replica is behind the primary. This is a low-impact request with a flexible completion time. No recent local changes are known.,1,Data & Database,P4,Data Services,repaired the pipeline and reconciled record counts
SYN-1140,Query performance degraded,One employee report that the data load reports validation failures. This is a low-impact request with a flexible completion time. Initial restart and retry steps did not resolve it.,1,Data & Database,P4,Data Services,optimized the query and validated data correctness
SYN-1141,Replication delay detected,A new starter report that reports are missing recently committed records. This is a low-impact request with a flexible completion time. The requester reproduced the issue twice.,1,Data & Database,P4,Data Services,cleared the connection leak and verified pool health
SYN-1142,Schema migration failed,One employee report that the replica is behind the primary. This is a low-impact request with a flexible completion time. The requester reproduced the issue twice.,1,Data & Database,P4,Data Services,repaired the pipeline and reconciled record counts
SYN-1143,Nightly import rejected rows,A new starter report that the data load reports validation failures. This is a low-impact request with a flexible completion time. No recent local changes are known.,1,Data & Database,P4,Data Services,optimized the query and validated data correctness
SYN-1144,Outbound messages delayed,Company-wide report that the shared calendar cannot be opened. Production work is stopped and no workaround exists. Initial restart and retry steps did not resolve it.,850,Email & Collaboration,P1,Collaboration Services,corrected the transport rule and verified mail flow
SYN-1145,Shared calendar unavailable,All customer-facing teams report that the mailbox rejects new messages. Production work is stopped and no workaround exists. No recent local changes are known.,420,Email & Collaboration,P1,Collaboration Services,restored sharing permissions and tested collaboration
SYN-1146,Video meeting has no audio,Company-wide report that mail to the group returns a delivery error. Production work is stopped and no workaround exists. Initial restart and retry steps did not resolve it.,850,Email & Collaboration,P1,Collaboration Services,updated the client configuration and verified a meeting
SYN-1147,Mailbox quota warning,All customer-facing teams report that the shared calendar cannot be opened. Production work is stopped and no workaround exists. Initial restart and retry steps did not resolve it.,420,Email & Collaboration,P1,Collaboration Services,corrected the transport rule and verified mail flow
SYN-1148,Shared drive permission error,Company-wide report that the mailbox rejects new messages. Production work is stopped and no workaround exists. The issue began after a scheduled change.,850,Email & Collaboration,P1,Collaboration Services,restored sharing permissions and tested collaboration
SYN-1149,Distribution list rejects sender,All customer-facing teams report that mail to the group returns a delivery error. Production work is stopped and no workaround exists. The requester reproduced the issue twice.,420,Email & Collaboration,P1,Collaboration Services,updated the client configuration and verified a meeting
SYN-1150,Outbound messages delayed,Company-wide report that the shared calendar cannot be opened. Production work is stopped and no workaround exists. The requester reproduced the issue twice.,850,Email & Collaboration,P1,Collaboration Services,corrected the transport rule and verified mail flow
SYN-1151,Shared calendar unavailable,All customer-facing teams report that the mailbox rejects new messages. Production work is stopped and no workaround exists. The issue began after a scheduled change.,420,Email & Collaboration,P1,Collaboration Services,restored sharing permissions and tested collaboration
SYN-1152,Video meeting has no audio,Company-wide report that mail to the group returns a delivery error. Production work is stopped and no workaround exists. No recent local changes are known.,850,Email & Collaboration,P1,Collaboration Services,updated the client configuration and verified a meeting
SYN-1153,Mailbox quota warning,All customer-facing teams report that the shared calendar cannot be opened. Production work is stopped and no workaround exists. The issue began after a scheduled change.,420,Email & Collaboration,P1,Collaboration Services,corrected the transport rule and verified mail flow
SYN-1154,Shared drive permission error,Company-wide report that the mailbox rejects new messages. Production work is stopped and no workaround exists. The requester reproduced the issue twice.,850,Email & Collaboration,P1,Collaboration Services,restored sharing permissions and tested collaboration
SYN-1155,Distribution list rejects sender,All customer-facing teams report that mail to the group returns a delivery error. Production work is stopped and no workaround exists. The requester reproduced the issue twice.,420,Email & Collaboration,P1,Collaboration Services,updated the client configuration and verified a meeting
SYN-1156,Outbound messages delayed,Multiple departments report that the shared calendar cannot be opened. Critical business activity is degraded and the workaround is limited. The issue began after a scheduled change.,95,Email & Collaboration,P2,Collaboration Services,corrected the transport rule and verified mail flow
SYN-1157,Shared calendar unavailable,An entire office report that the mailbox rejects new messages. Critical business activity is degraded and the workaround is limited. The issue began after a scheduled change.,140,Email & Collaboration,P2,Collaboration Services,restored sharing permissions and tested collaboration
SYN-1158,Video meeting has no audio,Multiple departments report that mail to the group returns a delivery error. Critical business activity is degraded and the workaround is limited. The issue began after a scheduled change.,95,Email & Collaboration,P2,Collaboration Services,updated the client configuration and verified a meeting
SYN-1159,Mailbox quota warning,An entire office report that the shared calendar cannot be opened. Critical business activity is degraded and the workaround is limited. The requester reproduced the issue twice.,140,Email & Collaboration,P2,Collaboration Services,corrected the transport rule and verified mail flow
SYN-1160,Shared drive permission error,Multiple departments report that the mailbox rejects new messages. Critical business activity is degraded and the workaround is limited. The issue began after a scheduled change.,95,Email & Collaboration,P2,Collaboration Services,restored sharing permissions and tested collaboration
SYN-1161,Distribution list rejects sender,An entire office report that mail to the group returns a delivery error. Critical business activity is degraded and the workaround is limited. The issue began after a scheduled change.,140,Email & Collaboration,P2,Collaboration Services,updated the client configuration and verified a meeting
SYN-1162,Outbound messages delayed,Multiple departments report that the shared calendar cannot be opened. Critical business activity is degraded and the workaround is limited. No recent local changes are known.,95,Email & Collaboration,P2,Collaboration Services,corrected the transport rule and verified mail flow
SYN-1163,Shared calendar unavailable,An entire office report that the mailbox rejects new messages. Critical business activity is degraded and the workaround is limited. The issue began after a scheduled change.,140,Email & Collaboration,P2,Collaboration Services,restored sharing permissions and tested collaboration
SYN-1164,Video meeting has no audio,Multiple departments report that mail to the group returns a delivery error. Critical business activity is degraded and the workaround is limited. The requester reproduced the issue twice.,95,Email & Collaboration,P2,Collaboration Services,updated the client configuration and verified a meeting
SYN-1165,Mailbox quota warning,An entire office report that the shared calendar cannot be opened. Critical business activity is degraded and the workaround is limited. No recent local changes are known.,140,Email & Collaboration,P2,Collaboration Services,corrected the transport rule and verified mail flow
SYN-1166,Shared drive permission error,Multiple departments report that the mailbox rejects new messages. Critical business activity is degraded and the workaround is limited. Initial restart and retry steps did not resolve it.,95,Email & Collaboration,P2,Collaboration Services,restored sharing permissions and tested collaboration
SYN-1167,Distribution list rejects sender,An entire office report that mail to the group returns a delivery error. Critical business activity is degraded and the workaround is limited. The requester reproduced the issue twice.,140,Email & Collaboration,P2,Collaboration Services,updated the client configuration and verified a meeting
SYN-1168,Outbound messages delayed,"A small team report that the shared calendar cannot be opened. Normal work is affected, but a temporary workaround is available. The requester reproduced the issue twice.",8,Email & Collaboration,P3,Collaboration Services,corrected the transport rule and verified mail flow
SYN-1169,Shared calendar unavailable,"Several employees report that the mailbox rejects new messages. Normal work is affected, but a temporary workaround is available. Initial restart and retry steps did not resolve it.",5,Email & Collaboration,P3,Collaboration Services,restored sharing permissions and tested collaboration
SYN-1170,Video meeting has no audio,"A small team report that mail to the group returns a delivery error. Normal work is affected, but a temporary workaround is available. The requester reproduced the issue twice.",8,Email & Collaboration,P3,Collaboration Services,updated the client configuration and verified a meeting
SYN-1171,Mailbox quota warning,"Several employees report that the shared calendar cannot be opened. Normal work is affected, but a temporary workaround is available. Initial restart and retry steps did not resolve it.",5,Email & Collaboration,P3,Collaboration Services,corrected the transport rule and verified mail flow
SYN-1172,Shared drive permission error,"A small team report that the mailbox rejects new messages. Normal work is affected, but a temporary workaround is available. Initial restart and retry steps did not resolve it.",8,Email & Collaboration,P3,Collaboration Services,restored sharing permissions and tested collaboration
SYN-1173,Distribution list rejects sender,"Several employees report that mail to the group returns a delivery error. Normal work is affected, but a temporary workaround is available. The requester reproduced the issue twice.",5,Email & Collaboration,P3,Collaboration Services,updated the client configuration and verified a meeting
SYN-1174,Outbound messages delayed,"A small team report that the shared calendar cannot be opened. Normal work is affected, but a temporary workaround is available. The issue began after a scheduled change.",8,Email & Collaboration,P3,Collaboration Services,corrected the transport rule and verified mail flow
SYN-1175,Shared calendar unavailable,"Several employees report that the mailbox rejects new messages. Normal work is affected, but a temporary workaround is available. The issue began after a scheduled change.",5,Email & Collaboration,P3,Collaboration Services,restored sharing permissions and tested collaboration
SYN-1176,Video meeting has no audio,"A small team report that mail to the group returns a delivery error. Normal work is affected, but a temporary workaround is available. Initial restart and retry steps did not resolve it.",8,Email & Collaboration,P3,Collaboration Services,updated the client configuration and verified a meeting
SYN-1177,Mailbox quota warning,"Several employees report that the shared calendar cannot be opened. Normal work is affected, but a temporary workaround is available. No recent local changes are known.",5,Email & Collaboration,P3,Collaboration Services,corrected the transport rule and verified mail flow
SYN-1178,Shared drive permission error,"A small team report that the mailbox rejects new messages. Normal work is affected, but a temporary workaround is available. Initial restart and retry steps did not resolve it.",8,Email & Collaboration,P3,Collaboration Services,restored sharing permissions and tested collaboration
SYN-1179,Distribution list rejects sender,"Several employees report that mail to the group returns a delivery error. Normal work is affected, but a temporary workaround is available. Initial restart and retry steps did not resolve it.",5,Email & Collaboration,P3,Collaboration Services,updated the client configuration and verified a meeting
SYN-1180,Outbound messages delayed,One employee report that the shared calendar cannot be opened. This is a low-impact request with a flexible completion time. Initial restart and retry steps did not resolve it.,1,Email & Collaboration,P4,Collaboration Services,corrected the transport rule and verified mail flow
SYN-1181,Shared calendar unavailable,A new starter report that the mailbox rejects new messages. This is a low-impact request with a flexible completion time. The issue began after a scheduled change.,1,Email & Collaboration,P4,Collaboration Services,restored sharing permissions and tested collaboration
SYN-1182,Video meeting has no audio,One employee report that mail to the group returns a delivery error. This is a low-impact request with a flexible completion time. The issue began after a scheduled change.,1,Email & Collaboration,P4,Collaboration Services,updated the client configuration and verified a meeting
SYN-1183,Mailbox quota warning,A new starter report that the shared calendar cannot be opened. This is a low-impact request with a flexible completion time. The issue began after a scheduled change.,1,Email & Collaboration,P4,Collaboration Services,corrected the transport rule and verified mail flow
SYN-1184,Shared drive permission error,One employee report that the mailbox rejects new messages. This is a low-impact request with a flexible completion time. Initial restart and retry steps did not resolve it.,1,Email & Collaboration,P4,Collaboration Services,restored sharing permissions and tested collaboration
SYN-1185,Distribution list rejects sender,A new starter report that mail to the group returns a delivery error. This is a low-impact request with a flexible completion time. No recent local changes are known.,1,Email & Collaboration,P4,Collaboration Services,updated the client configuration and verified a meeting
SYN-1186,Outbound messages delayed,One employee report that the shared calendar cannot be opened. This is a low-impact request with a flexible completion time. The issue began after a scheduled change.,1,Email & Collaboration,P4,Collaboration Services,corrected the transport rule and verified mail flow
SYN-1187,Shared calendar unavailable,A new starter report that the mailbox rejects new messages. This is a low-impact request with a flexible completion time. The requester reproduced the issue twice.,1,Email & Collaboration,P4,Collaboration Services,restored sharing permissions and tested collaboration
SYN-1188,Video meeting has no audio,One employee report that mail to the group returns a delivery error. This is a low-impact request with a flexible completion time. The requester reproduced the issue twice.,1,Email & Collaboration,P4,Collaboration Services,updated the client configuration and verified a meeting
SYN-1189,Mailbox quota warning,A new starter report that the shared calendar cannot be opened. This is a low-impact request with a flexible completion time. The requester reproduced the issue twice.,1,Email & Collaboration,P4,Collaboration Services,corrected the transport rule and verified mail flow
SYN-1190,Shared drive permission error,One employee report that the mailbox rejects new messages. This is a low-impact request with a flexible completion time. Initial restart and retry steps did not resolve it.,1,Email & Collaboration,P4,Collaboration Services,restored sharing permissions and tested collaboration
SYN-1191,Distribution list rejects sender,A new starter report that mail to the group returns a delivery error. This is a low-impact request with a flexible completion time. The requester reproduced the issue twice.,1,Email & Collaboration,P4,Collaboration Services,updated the client configuration and verified a meeting
SYN-1192,Laptop will not power on,Company-wide report that the display remains blank after reconnecting. Production work is stopped and no workaround exists. Initial restart and retry steps did not resolve it.,850,Hardware & Devices,P1,Endpoint Engineering,completed hardware diagnostics and replaced the failed component
SYN-1193,External monitor not detected,All customer-facing teams report that printing stops with a hardware alert. Production work is stopped and no workaround exists. The requester reproduced the issue twice.,420,Hardware & Devices,P1,Endpoint Engineering,updated firmware and verified peripheral stability
SYN-1194,Disk encryption recovery screen,Company-wide report that USB and network connections drop through the dock. Production work is stopped and no workaround exists. No recent local changes are known.,850,Hardware & Devices,P1,Endpoint Engineering,recovered the device and confirmed encryption compliance
SYN-1195,Printer repeatedly jams,All customer-facing teams report that the display remains blank after reconnecting. Production work is stopped and no workaround exists. Initial restart and retry steps did not resolve it.,420,Hardware & Devices,P1,Endpoint Engineering,completed hardware diagnostics and replaced the failed component
SYN-1196,Battery drains rapidly,Company-wide report that printing stops with a hardware alert. Production work is stopped and no workaround exists. The requester reproduced the issue twice.,850,Hardware & Devices,P1,Endpoint Engineering,updated firmware and verified peripheral stability
SYN-1197,Docking station disconnects,All customer-facing teams report that USB and network connections drop through the dock. Production work is stopped and no workaround exists. The issue began after a scheduled change.,420,Hardware & Devices,P1,Endpoint Engineering,recovered the device and confirmed encryption compliance
SYN-1198,Laptop will not power on,Company-wide report that the display remains blank after reconnecting. Production work is stopped and no workaround exists. Initial restart and retry steps did not resolve it.,850,Hardware & Devices,P1,Endpoint Engineering,completed hardware diagnostics and replaced the failed component
SYN-1199,External monitor not detected,All customer-facing teams report that printing stops with a hardware alert. Production work is stopped and no workaround exists. The issue began after a scheduled change.,420,Hardware & Devices,P1,Endpoint Engineering,updated firmware and verified peripheral stability
SYN-1200,Disk encryption recovery screen,Company-wide report that USB and network connections drop through the dock. Production work is stopped and no workaround exists. The issue began after a scheduled change.,850,Hardware & Devices,P1,Endpoint Engineering,recovered the device and confirmed encryption compliance
SYN-1201,Printer repeatedly jams,All customer-facing teams report that the display remains blank after reconnecting. Production work is stopped and no workaround exists. The issue began after a scheduled change.,420,Hardware & Devices,P1,Endpoint Engineering,completed hardware diagnostics and replaced the failed component
SYN-1202,Battery drains rapidly,Company-wide report that printing stops with a hardware alert. Production work is stopped and no workaround exists. The issue began after a scheduled change.,850,Hardware & Devices,P1,Endpoint Engineering,updated firmware and verified peripheral stability
SYN-1203,Docking station disconnects,All customer-facing teams report that USB and network connections drop through the dock. Production work is stopped and no workaround exists. The requester reproduced the issue twice.,420,Hardware & Devices,P1,Endpoint Engineering,recovered the device and confirmed encryption compliance
SYN-1204,Laptop will not power on,Multiple departments report that the display remains blank after reconnecting. Critical business activity is degraded and the workaround is limited. The requester reproduced the issue twice.,95,Hardware & Devices,P2,Endpoint Engineering,completed hardware diagnostics and replaced the failed component
SYN-1205,External monitor not detected,An entire office report that printing stops with a hardware alert. Critical business activity is degraded and the workaround is limited. Initial restart and retry steps did not resolve it.,140,Hardware & Devices,P2,Endpoint Engineering,updated firmware and verified peripheral stability
SYN-1206,Disk encryption recovery screen,Multiple departments report that USB and network connections drop through the dock. Critical business activity is degraded and the workaround is limited. Initial restart and retry steps did not resolve it.,95,Hardware & Devices,P2,Endpoint Engineering,recovered the device and confirmed encryption compliance
SYN-1207,Printer repeatedly jams,An entire office report that the display remains blank after reconnecting. Critical business activity is degraded and the workaround is limited. Initial restart and retry steps did not resolve it.,140,Hardware & Devices,P2,Endpoint Engineering,completed hardware diagnostics and replaced the failed component
SYN-1208,Battery drains rapidly,Multiple departments report that printing stops with a hardware alert. Critical business activity is degraded and the workaround is limited. The requester reproduced the issue twice.,95,Hardware & Devices,P2,Endpoint Engineering,updated firmware and verified peripheral stability
SYN-1209,Docking station disconnects,An entire office report that USB and network connections drop through the dock. Critical business activity is degraded and the workaround is limited. Initial restart and retry steps did not resolve it.,140,Hardware & Devices,P2,Endpoint Engineering,recovered the device and confirmed encryption compliance
SYN-1210,Laptop will not power on,Multiple departments report that the display remains blank after reconnecting. Critical business activity is degraded and the workaround is limited. The issue began after a scheduled change.,95,Hardware & Devices,P2,Endpoint Engineering,completed hardware diagnostics and replaced the failed component
SYN-1211,External monitor not detected,An entire office report that printing stops with a hardware alert. Critical business activity is degraded and the workaround is limited. The requester reproduced the issue twice.,140,Hardware & Devices,P2,Endpoint Engineering,updated firmware and verified peripheral stability
SYN-1212,Disk encryption recovery screen,Multiple departments report that USB and network connections drop through the dock. Critical business activity is degraded and the workaround is limited. Initial restart and retry steps did not resolve it.,95,Hardware & Devices,P2,Endpoint Engineering,recovered the device and confirmed encryption compliance
SYN-1213,Printer repeatedly jams,An entire office report that the display remains blank after reconnecting. Critical business activity is degraded and the workaround is limited. The issue began after a scheduled change.,140,Hardware & Devices,P2,Endpoint Engineering,completed hardware diagnostics and replaced the failed component
SYN-1214,Battery drains rapidly,Multiple departments report that printing stops with a hardware alert. Critical business activity is degraded and the workaround is limited. Initial restart and retry steps did not resolve it.,95,Hardware & Devices,P2,Endpoint Engineering,updated firmware and verified peripheral stability
SYN-1215,Docking station disconnects,An entire office report that USB and network connections drop through the dock. Critical business activity is degraded and the workaround is limited. No recent local changes are known.,140,Hardware & Devices,P2,Endpoint Engineering,recovered the device and confirmed encryption compliance
SYN-1216,Laptop will not power on,"A small team report that the display remains blank after reconnecting. Normal work is affected, but a temporary workaround is available. Initial restart and retry steps did not resolve it.",8,Hardware & Devices,P3,Endpoint Engineering,completed hardware diagnostics and replaced the failed component
SYN-1217,External monitor not detected,"Several employees report that printing stops with a hardware alert. Normal work is affected, but a temporary workaround is available. No recent local changes are known.",5,Hardware & Devices,P3,Endpoint Engineering,updated firmware and verified peripheral stability
SYN-1218,Disk encryption recovery screen,"A small team report that USB and network connections drop through the dock. Normal work is affected, but a temporary workaround is available. Initial restart and retry steps did not resolve it.",8,Hardware & Devices,P3,Endpoint Engineering,recovered the device and confirmed encryption compliance
SYN-1219,Printer repeatedly jams,"Several employees report that the display remains blank after reconnecting. Normal work is affected, but a temporary workaround is available. Initial restart and retry steps did not resolve it.",5,Hardware & Devices,P3,Endpoint Engineering,completed hardware diagnostics and replaced the failed component
SYN-1220,Battery drains rapidly,"A small team report that printing stops with a hardware alert. Normal work is affected, but a temporary workaround is available. The requester reproduced the issue twice.",8,Hardware & Devices,P3,Endpoint Engineering,updated firmware and verified peripheral stability
SYN-1221,Docking station disconnects,"Several employees report that USB and network connections drop through the dock. Normal work is affected, but a temporary workaround is available. The requester reproduced the issue twice.",5,Hardware & Devices,P3,Endpoint Engineering,recovered the device and confirmed encryption compliance
SYN-1222,Laptop will not power on,"A small team report that the display remains blank after reconnecting. Normal work is affected, but a temporary workaround is available. No recent local changes are known.",8,Hardware & Devices,P3,Endpoint Engineering,completed hardware diagnostics and replaced the failed component
SYN-1223,External monitor not detected,"Several employees report that printing stops with a hardware alert. Normal work is affected, but a temporary workaround is available. The requester reproduced the issue twice.",5,Hardware & Devices,P3,Endpoint Engineering,updated firmware and verified peripheral stability
SYN-1224,Disk encryption recovery screen,"A small team report that USB and network connections drop through the dock. Normal work is affected, but a temporary workaround is available. The issue began after a scheduled change.",8,Hardware & Devices,P3,Endpoint Engineering,recovered the device and confirmed encryption compliance
SYN-1225,Printer repeatedly jams,"Several employees report that the display remains blank after reconnecting. Normal work is affected, but a temporary workaround is available. The issue began after a scheduled change.",5,Hardware & Devices,P3,Endpoint Engineering,completed hardware diagnostics and replaced the failed component
SYN-1226,Battery drains rapidly,"A small team report that printing stops with a hardware alert. Normal work is affected, but a temporary workaround is available. No recent local changes are known.",8,Hardware & Devices,P3,Endpoint Engineering,updated firmware and verified peripheral stability
SYN-1227,Docking station disconnects,"Several employees report that USB and network connections drop through the dock. Normal work is affected, but a temporary workaround is available. The issue began after a scheduled change.",5,Hardware & Devices,P3,Endpoint Engineering,recovered the device and confirmed encryption compliance
SYN-1228,Laptop will not power on,One employee report that the display remains blank after reconnecting. This is a low-impact request with a flexible completion time. The issue began after a scheduled change.,1,Hardware & Devices,P4,Endpoint Engineering,completed hardware diagnostics and replaced the failed component
SYN-1229,External monitor not detected,A new starter report that printing stops with a hardware alert. This is a low-impact request with a flexible completion time. Initial restart and retry steps did not resolve it.,1,Hardware & Devices,P4,Endpoint Engineering,updated firmware and verified peripheral stability
SYN-1230,Disk encryption recovery screen,One employee report that USB and network connections drop through the dock. This is a low-impact request with a flexible completion time. The requester reproduced the issue twice.,1,Hardware & Devices,P4,Endpoint Engineering,recovered the device and confirmed encryption compliance
SYN-1231,Printer repeatedly jams,A new starter report that the display remains blank after reconnecting. This is a low-impact request with a flexible completion time. The issue began after a scheduled change.,1,Hardware & Devices,P4,Endpoint Engineering,completed hardware diagnostics and replaced the failed component
SYN-1232,Battery drains rapidly,One employee report that printing stops with a hardware alert. This is a low-impact request with a flexible completion time. The issue began after a scheduled change.,1,Hardware & Devices,P4,Endpoint Engineering,updated firmware and verified peripheral stability
SYN-1233,Docking station disconnects,A new starter report that USB and network connections drop through the dock. This is a low-impact request with a flexible completion time. The requester reproduced the issue twice.,1,Hardware & Devices,P4,Endpoint Engineering,recovered the device and confirmed encryption compliance
SYN-1234,Laptop will not power on,One employee report that the display remains blank after reconnecting. This is a low-impact request with a flexible completion time. The issue began after a scheduled change.,1,Hardware & Devices,P4,Endpoint Engineering,completed hardware diagnostics and replaced the failed component
SYN-1235,External monitor not detected,A new starter report that printing stops with a hardware alert. This is a low-impact request with a flexible completion time. The issue began after a scheduled change.,1,Hardware & Devices,P4,Endpoint Engineering,updated firmware and verified peripheral stability
SYN-1236,Disk encryption recovery screen,One employee report that USB and network connections drop through the dock. This is a low-impact request with a flexible completion time. The requester reproduced the issue twice.,1,Hardware & Devices,P4,Endpoint Engineering,recovered the device and confirmed encryption compliance
SYN-1237,Printer repeatedly jams,A new starter report that the display remains blank after reconnecting. This is a low-impact request with a flexible completion time. Initial restart and retry steps did not resolve it.,1,Hardware & Devices,P4,Endpoint Engineering,completed hardware diagnostics and replaced the failed component
SYN-1238,Battery drains rapidly,One employee report that printing stops with a hardware alert. This is a low-impact request with a flexible completion time. The issue began after a scheduled change.,1,Hardware & Devices,P4,Endpoint Engineering,updated firmware and verified peripheral stability
SYN-1239,Docking station disconnects,A new starter report that USB and network connections drop through the dock. This is a low-impact request with a flexible completion time. The requester reproduced the issue twice.,1,Hardware & Devices,P4,Endpoint Engineering,recovered the device and confirmed encryption compliance
SYN-1240,VPN disconnects every few minutes,Company-wide report that the device cannot obtain an IP address. Production work is stopped and no workaround exists. The issue began after a scheduled change.,850,Network & Connectivity,P1,Network Operations,corrected the network policy and verified stable VPN
SYN-1241,Office Wi-Fi cannot obtain address,All customer-facing teams report that users experience packet loss and high latency. Production work is stopped and no workaround exists. The issue began after a scheduled change.,420,Network & Connectivity,P1,Network Operations,repaired DHCP or DNS configuration and retested
SYN-1242,Internal hostname does not resolve,Company-wide report that traffic stops at an unexpected route. Production work is stopped and no workaround exists. Initial restart and retry steps did not resolve it.,850,Network & Connectivity,P1,Network Operations,restored the route and confirmed end-to-end reachability
SYN-1243,Remote site packet loss,All customer-facing teams report that the device cannot obtain an IP address. Production work is stopped and no workaround exists. No recent local changes are known.,420,Network & Connectivity,P1,Network Operations,corrected the network policy and verified stable VPN
SYN-1244,Wired network has no connectivity,Company-wide report that users experience packet loss and high latency. Production work is stopped and no workaround exists. No recent local changes are known.,850,Network & Connectivity,P1,Network Operations,repaired DHCP or DNS configuration and retested
SYN-1245,Application route is unreachable,All customer-facing teams report that traffic stops at an unexpected route. Production work is stopped and no workaround exists. The requester reproduced the issue twice.,420,Network & Connectivity,P1,Network Operations,restored the route and confirmed end-to-end reachability
SYN-1246,VPN disconnects every few minutes,Company-wide report that the device cannot obtain an IP address. Production work is stopped and no workaround exists. No recent local changes are known.,850,Network & Connectivity,P1,Network Operations,corrected the network policy and verified stable VPN
SYN-1247,Office Wi-Fi cannot obtain address,All customer-facing teams report that users experience packet loss and high latency. Production work is stopped and no workaround exists. The requester reproduced the issue twice.,420,Network & Connectivity,P1,Network Operations,repaired DHCP or DNS configuration and retested
SYN-1248,Internal hostname does not resolve,Company-wide report that traffic stops at an unexpected route. Production work is stopped and no workaround exists. No recent local changes are known.,850,Network & Connectivity,P1,Network Operations,restored the route and confirmed end-to-end reachability
SYN-1249,Remote site packet loss,All customer-facing teams report that the device cannot obtain an IP address. Production work is stopped and no workaround exists. Initial restart and retry steps did not resolve it.,420,Network & Connectivity,P1,Network Operations,corrected the network policy and verified stable VPN
SYN-1250,Wired network has no connectivity,Company-wide report that users experience packet loss and high latency. Production work is stopped and no workaround exists. The requester reproduced the issue twice.,850,Network & Connectivity,P1,Network Operations,repaired DHCP or DNS configuration and retested
SYN-1251,Application route is unreachable,All customer-facing teams report that traffic stops at an unexpected route. Production work is stopped and no workaround exists. No recent local changes are known.,420,Network & Connectivity,P1,Network Operations,restored the route and confirmed end-to-end reachability
SYN-1252,VPN disconnects every few minutes,Multiple departments report that the device cannot obtain an IP address. Critical business activity is degraded and the workaround is limited. Initial restart and retry steps did not resolve it.,95,Network & Connectivity,P2,Network Operations,corrected the network policy and verified stable VPN
SYN-1253,Office Wi-Fi cannot obtain address,An entire office report that users experience packet loss and high latency. Critical business activity is degraded and the workaround is limited. No recent local changes are known.,140,Network & Connectivity,P2,Network Operations,repaired DHCP or DNS configuration and retested
SYN-1254,Internal hostname does not resolve,Multiple departments report that traffic stops at an unexpected route. Critical business activity is degraded and the workaround is limited. The issue began after a scheduled change.,95,Network & Connectivity,P2,Network Operations,restored the route and confirmed end-to-end reachability
SYN-1255,Remote site packet loss,An entire office report that the device cannot obtain an IP address. Critical business activity is degraded and the workaround is limited. The issue began after a scheduled change.,140,Network & Connectivity,P2,Network Operations,corrected the network policy and verified stable VPN
SYN-1256,Wired network has no connectivity,Multiple departments report that users experience packet loss and high latency. Critical business activity is degraded and the workaround is limited. Initial restart and retry steps did not resolve it.,95,Network & Connectivity,P2,Network Operations,repaired DHCP or DNS configuration and retested
SYN-1257,Application route is unreachable,An entire office report that traffic stops at an unexpected route. Critical business activity is degraded and the workaround is limited. The issue began after a scheduled change.,140,Network & Connectivity,P2,Network Operations,restored the route and confirmed end-to-end reachability
SYN-1258,VPN disconnects every few minutes,Multiple departments report that the device cannot obtain an IP address. Critical business activity is degraded and the workaround is limited. The issue began after a scheduled change.,95,Network & Connectivity,P2,Network Operations,corrected the network policy and verified stable VPN
SYN-1259,Office Wi-Fi cannot obtain address,An entire office report that users experience packet loss and high latency. Critical business activity is degraded and the workaround is limited. The requester reproduced the issue twice.,140,Network & Connectivity,P2,Network Operations,repaired DHCP or DNS configuration and retested
SYN-1260,Internal hostname does not resolve,Multiple departments report that traffic stops at an unexpected route. Critical business activity is degraded and the workaround is limited. No recent local changes are known.,95,Network & Connectivity,P2,Network Operations,restored the route and confirmed end-to-end reachability
SYN-1261,Remote site packet loss,An entire office report that the device cannot obtain an IP address. Critical business activity is degraded and the workaround is limited. The requester reproduced the issue twice.,140,Network & Connectivity,P2,Network Operations,corrected the network policy and verified stable VPN
SYN-1262,Wired network has no connectivity,Multiple departments report that users experience packet loss and high latency. Critical business activity is degraded and the workaround is limited. No recent local changes are known.,95,Network & Connectivity,P2,Network Operations,repaired DHCP or DNS configuration and retested
SYN-1263,Application route is unreachable,An entire office report that traffic stops at an unexpected route. Critical business activity is degraded and the workaround is limited. The issue began after a scheduled change.,140,Network & Connectivity,P2,Network Operations,restored the route and confirmed end-to-end reachability
SYN-1264,VPN disconnects every few minutes,"A small team report that the device cannot obtain an IP address. Normal work is affected, but a temporary workaround is available. The requester reproduced the issue twice.",8,Network & Connectivity,P3,Network Operations,corrected the network policy and verified stable VPN
SYN-1265,Office Wi-Fi cannot obtain address,"Several employees report that users experience packet loss and high latency. Normal work is affected, but a temporary workaround is available. No recent local changes are known.",5,Network & Connectivity,P3,Network Operations,repaired DHCP or DNS configuration and retested
SYN-1266,Internal hostname does not resolve,"A small team report that traffic stops at an unexpected route. Normal work is affected, but a temporary workaround is available. No recent local changes are known.",8,Network & Connectivity,P3,Network Operations,restored the route and confirmed end-to-end reachability
SYN-1267,Remote site packet loss,"Several employees report that the device cannot obtain an IP address. Normal work is affected, but a temporary workaround is available. The requester reproduced the issue twice.",5,Network & Connectivity,P3,Network Operations,corrected the network policy and verified stable VPN
SYN-1268,Wired network has no connectivity,"A small team report that users experience packet loss and high latency. Normal work is affected, but a temporary workaround is available. Initial restart and retry steps did not resolve it.",8,Network & Connectivity,P3,Network Operations,repaired DHCP or DNS configuration and retested
SYN-1269,Application route is unreachable,"Several employees report that traffic stops at an unexpected route. Normal work is affected, but a temporary workaround is available. No recent local changes are known.",5,Network & Connectivity,P3,Network Operations,restored the route and confirmed end-to-end reachability
SYN-1270,VPN disconnects every few minutes,"A small team report that the device cannot obtain an IP address. Normal work is affected, but a temporary workaround is available. The issue began after a scheduled change.",8,Network & Connectivity,P3,Network Operations,corrected the network policy and verified stable VPN
SYN-1271,Office Wi-Fi cannot obtain address,"Several employees report that users experience packet loss and high latency. Normal work is affected, but a temporary workaround is available. No recent local changes are known.",5,Network & Connectivity,P3,Network Operations,repaired DHCP or DNS configuration and retested
SYN-1272,Internal hostname does not resolve,"A small team report that traffic stops at an unexpected route. Normal work is affected, but a temporary workaround is available. The issue began after a scheduled change.",8,Network & Connectivity,P3,Network Operations,restored the route and confirmed end-to-end reachability
SYN-1273,Remote site packet loss,"Several employees report that the device cannot obtain an IP address. Normal work is affected, but a temporary workaround is available. The requester reproduced the issue twice.",5,Network & Connectivity,P3,Network Operations,corrected the network policy and verified stable VPN
SYN-1274,Wired network has no connectivity,"A small team report that users experience packet loss and high latency. Normal work is affected, but a temporary workaround is available. No recent local changes are known.",8,Network & Connectivity,P3,Network Operations,repaired DHCP or DNS configuration and retested
SYN-1275,Application route is unreachable,"Several employees report that traffic stops at an unexpected route. Normal work is affected, but a temporary workaround is available. The issue began after a scheduled change.",5,Network & Connectivity,P3,Network Operations,restored the route and confirmed end-to-end reachability
SYN-1276,VPN disconnects every few minutes,One employee report that the device cannot obtain an IP address. This is a low-impact request with a flexible completion time. The issue began after a scheduled change.,1,Network & Connectivity,P4,Network Operations,corrected the network policy and verified stable VPN
SYN-1277,Office Wi-Fi cannot obtain address,A new starter report that users experience packet loss and high latency. This is a low-impact request with a flexible completion time. The requester reproduced the issue twice.,1,Network & Connectivity,P4,Network Operations,repaired DHCP or DNS configuration and retested
SYN-1278,Internal hostname does not resolve,One employee report that traffic stops at an unexpected route. This is a low-impact request with a flexible completion time. No recent local changes are known.,1,Network & Connectivity,P4,Network Operations,restored the route and confirmed end-to-end reachability
SYN-1279,Remote site packet loss,A new starter report that the device cannot obtain an IP address. This is a low-impact request with a flexible completion time. No recent local changes are known.,1,Network & Connectivity,P4,Network Operations,corrected the network policy and verified stable VPN
SYN-1280,Wired network has no connectivity,One employee report that users experience packet loss and high latency. This is a low-impact request with a flexible completion time. The requester reproduced the issue twice.,1,Network & Connectivity,P4,Network Operations,repaired DHCP or DNS configuration and retested
SYN-1281,Application route is unreachable,A new starter report that traffic stops at an unexpected route. This is a low-impact request with a flexible completion time. No recent local changes are known.,1,Network & Connectivity,P4,Network Operations,restored the route and confirmed end-to-end reachability
SYN-1282,VPN disconnects every few minutes,One employee report that the device cannot obtain an IP address. This is a low-impact request with a flexible completion time. The requester reproduced the issue twice.,1,Network & Connectivity,P4,Network Operations,corrected the network policy and verified stable VPN
SYN-1283,Office Wi-Fi cannot obtain address,A new starter report that users experience packet loss and high latency. This is a low-impact request with a flexible completion time. No recent local changes are known.,1,Network & Connectivity,P4,Network Operations,repaired DHCP or DNS configuration and retested
SYN-1284,Internal hostname does not resolve,One employee report that traffic stops at an unexpected route. This is a low-impact request with a flexible completion time. Initial restart and retry steps did not resolve it.,1,Network & Connectivity,P4,Network Operations,restored the route and confirmed end-to-end reachability
SYN-1285,Remote site packet loss,A new starter report that the device cannot obtain an IP address. This is a low-impact request with a flexible completion time. No recent local changes are known.,1,Network & Connectivity,P4,Network Operations,corrected the network policy and verified stable VPN
SYN-1286,Wired network has no connectivity,One employee report that users experience packet loss and high latency. This is a low-impact request with a flexible completion time. The issue began after a scheduled change.,1,Network & Connectivity,P4,Network Operations,repaired DHCP or DNS configuration and retested
SYN-1287,Application route is unreachable,A new starter report that traffic stops at an unexpected route. This is a low-impact request with a flexible completion time. The issue began after a scheduled change.,1,Network & Connectivity,P4,Network Operations,restored the route and confirmed end-to-end reachability
SYN-1288,Suspicious sign-in alert,Company-wide report that endpoint protection quarantined a suspicious file. Production work is stopped and no workaround exists. Initial restart and retry steps did not resolve it.,850,Security & Compliance,P1,Security Operations Center,contained the identity and completed security review
SYN-1289,Endpoint malware detection,All customer-facing teams report that an unapproved privileged identity was created. Production work is stopped and no workaround exists. No recent local changes are known.,420,Security & Compliance,P1,Security Operations Center,isolated the endpoint and preserved investigation evidence
SYN-1290,Sensitive file shared externally,Company-wide report that the device no longer meets the security baseline. Production work is stopped and no workaround exists. The issue began after a scheduled change.,850,Security & Compliance,P1,Security Operations Center,removed exposure and validated the compliance control
SYN-1291,Unexpected administrator account,All customer-facing teams report that endpoint protection quarantined a suspicious file. Production work is stopped and no workaround exists. The issue began after a scheduled change.,420,Security & Compliance,P1,Security Operations Center,contained the identity and completed security review
SYN-1292,Phishing message reported,Company-wide report that an unapproved privileged identity was created. Production work is stopped and no workaround exists. No recent local changes are known.,850,Security & Compliance,P1,Security Operations Center,isolated the endpoint and preserved investigation evidence
SYN-1293,Compliance scan failed,All customer-facing teams report that the device no longer meets the security baseline. Production work is stopped and no workaround exists. The requester reproduced the issue twice.,420,Security & Compliance,P1,Security Operations Center,removed exposure and validated the compliance control
SYN-1294,Suspicious sign-in alert,Company-wide report that endpoint protection quarantined a suspicious file. Production work is stopped and no workaround exists. No recent local changes are known.,850,Security & Compliance,P1,Security Operations Center,contained the identity and completed security review
SYN-1295,Endpoint malware detection,All customer-facing teams report that an unapproved privileged identity was created. Production work is stopped and no workaround exists. The requester reproduced the issue twice.,420,Security & Compliance,P1,Security Operations Center,isolated the endpoint and preserved investigation evidence
SYN-1296,Sensitive file shared externally,Company-wide report that the device no longer meets the security baseline. Production work is stopped and no workaround exists. Initial restart and retry steps did not resolve it.,850,Security & Compliance,P1,Security Operations Center,removed exposure and validated the compliance control
SYN-1297,Unexpected administrator account,All customer-facing teams report that endpoint protection quarantined a suspicious file. Production work is stopped and no workaround exists. Initial restart and retry steps did not resolve it.,420,Security & Compliance,P1,Security Operations Center,contained the identity and completed security review
SYN-1298,Phishing message reported,Company-wide report that an unapproved privileged identity was created. Production work is stopped and no workaround exists. The issue began after a scheduled change.,850,Security & Compliance,P1,Security Operations Center,isolated the endpoint and preserved investigation evidence
SYN-1299,Compliance scan failed,All customer-facing teams report that the device no longer meets the security baseline. Production work is stopped and no workaround exists. The issue began after a scheduled change.,420,Security & Compliance,P1,Security Operations Center,removed exposure and validated the compliance control
SYN-1300,Suspicious sign-in alert,Multiple departments report that endpoint protection quarantined a suspicious file. Critical business activity is degraded and the workaround is limited. The issue began after a scheduled change.,95,Security & Compliance,P2,Security Operations Center,contained the identity and completed security review
SYN-1301,Endpoint malware detection,An entire office report that an unapproved privileged identity was created. Critical business activity is degraded and the workaround is limited. The requester reproduced the issue twice.,140,Security & Compliance,P2,Security Operations Center,isolated the endpoint and preserved investigation evidence
SYN-1302,Sensitive file shared externally,Multiple departments report that the device no longer meets the security baseline. Critical business activity is degraded and the workaround is limited. The issue began after a scheduled change.,95,Security & Compliance,P2,Security Operations Center,removed exposure and validated the compliance control
SYN-1303,Unexpected administrator account,An entire office report that endpoint protection quarantined a suspicious file. Critical business activity is degraded and the workaround is limited. No recent local changes are known.,140,Security & Compliance,P2,Security Operations Center,contained the identity and completed security review
SYN-1304,Phishing message reported,Multiple departments report that an unapproved privileged identity was created. Critical business activity is degraded and the workaround is limited. The requester reproduced the issue twice.,95,Security & Compliance,P2,Security Operations Center,isolated the endpoint and preserved investigation evidence
SYN-1305,Compliance scan failed,An entire office report that the device no longer meets the security baseline. Critical business activity is degraded and the workaround is limited. Initial restart and retry steps did not resolve it.,140,Security & Compliance,P2,Security Operations Center,removed exposure and validated the compliance control
SYN-1306,Suspicious sign-in alert,Multiple departments report that endpoint protection quarantined a suspicious file. Critical business activity is degraded and the workaround is limited. The requester reproduced the issue twice.,95,Security & Compliance,P2,Security Operations Center,contained the identity and completed security review
SYN-1307,Endpoint malware detection,An entire office report that an unapproved privileged identity was created. Critical business activity is degraded and the workaround is limited. The issue began after a scheduled change.,140,Security & Compliance,P2,Security Operations Center,isolated the endpoint and preserved investigation evidence
SYN-1308,Sensitive file shared externally,Multiple departments report that the device no longer meets the security baseline. Critical business activity is degraded and the workaround is limited. No recent local changes are known.,95,Security & Compliance,P2,Security Operations Center,removed exposure and validated the compliance control
SYN-1309,Unexpected administrator account,An entire office report that endpoint protection quarantined a suspicious file. Critical business activity is degraded and the workaround is limited. No recent local changes are known.,140,Security & Compliance,P2,Security Operations Center,contained the identity and completed security review
SYN-1310,Phishing message reported,Multiple departments report that an unapproved privileged identity was created. Critical business activity is degraded and the workaround is limited. The issue began after a scheduled change.,95,Security & Compliance,P2,Security Operations Center,isolated the endpoint and preserved investigation evidence
SYN-1311,Compliance scan failed,An entire office report that the device no longer meets the security baseline. Critical business activity is degraded and the workaround is limited. No recent local changes are known.,140,Security & Compliance,P2,Security Operations Center,removed exposure and validated the compliance control
SYN-1312,Suspicious sign-in alert,"A small team report that endpoint protection quarantined a suspicious file. Normal work is affected, but a temporary workaround is available. The requester reproduced the issue twice.",8,Security & Compliance,P3,Security Operations Center,contained the identity and completed security review
SYN-1313,Endpoint malware detection,"Several employees report that an unapproved privileged identity was created. Normal work is affected, but a temporary workaround is available. The requester reproduced the issue twice.",5,Security & Compliance,P3,Security Operations Center,isolated the endpoint and preserved investigation evidence
SYN-1314,Sensitive file shared externally,"A small team report that the device no longer meets the security baseline. Normal work is affected, but a temporary workaround is available. The issue began after a scheduled change.",8,Security & Compliance,P3,Security Operations Center,removed exposure and validated the compliance control
SYN-1315,Unexpected administrator account,"Several employees report that endpoint protection quarantined a suspicious file. Normal work is affected, but a temporary workaround is available. No recent local changes are known.",5,Security & Compliance,P3,Security Operations Center,contained the identity and completed security review
SYN-1316,Phishing message reported,"A small team report that an unapproved privileged identity was created. Normal work is affected, but a temporary workaround is available. Initial restart and retry steps did not resolve it.",8,Security & Compliance,P3,Security Operations Center,isolated the endpoint and preserved investigation evidence
SYN-1317,Compliance scan failed,"Several employees report that the device no longer meets the security baseline. Normal work is affected, but a temporary workaround is available. The requester reproduced the issue twice.",5,Security & Compliance,P3,Security Operations Center,removed exposure and validated the compliance control
SYN-1318,Suspicious sign-in alert,"A small team report that endpoint protection quarantined a suspicious file. Normal work is affected, but a temporary workaround is available. The requester reproduced the issue twice.",8,Security & Compliance,P3,Security Operations Center,contained the identity and completed security review
SYN-1319,Endpoint malware detection,"Several employees report that an unapproved privileged identity was created. Normal work is affected, but a temporary workaround is available. The requester reproduced the issue twice.",5,Security & Compliance,P3,Security Operations Center,isolated the endpoint and preserved investigation evidence
SYN-1320,Sensitive file shared externally,"A small team report that the device no longer meets the security baseline. Normal work is affected, but a temporary workaround is available. The requester reproduced the issue twice.",8,Security & Compliance,P3,Security Operations Center,removed exposure and validated the compliance control
SYN-1321,Unexpected administrator account,"Several employees report that endpoint protection quarantined a suspicious file. Normal work is affected, but a temporary workaround is available. Initial restart and retry steps did not resolve it.",5,Security & Compliance,P3,Security Operations Center,contained the identity and completed security review
SYN-1322,Phishing message reported,"A small team report that an unapproved privileged identity was created. Normal work is affected, but a temporary workaround is available. The issue began after a scheduled change.",8,Security & Compliance,P3,Security Operations Center,isolated the endpoint and preserved investigation evidence
SYN-1323,Compliance scan failed,"Several employees report that the device no longer meets the security baseline. Normal work is affected, but a temporary workaround is available. The requester reproduced the issue twice.",5,Security & Compliance,P3,Security Operations Center,removed exposure and validated the compliance control
SYN-1324,Suspicious sign-in alert,One employee report that endpoint protection quarantined a suspicious file. This is a low-impact request with a flexible completion time. No recent local changes are known.,1,Security & Compliance,P4,Security Operations Center,contained the identity and completed security review
SYN-1325,Endpoint malware detection,A new starter report that an unapproved privileged identity was created. This is a low-impact request with a flexible completion time. Initial restart and retry steps did not resolve it.,1,Security & Compliance,P4,Security Operations Center,isolated the endpoint and preserved investigation evidence
SYN-1326,Sensitive file shared externally,One employee report that the device no longer meets the security baseline. This is a low-impact request with a flexible completion time. The requester reproduced the issue twice.,1,Security & Compliance,P4,Security Operations Center,removed exposure and validated the compliance control
SYN-1327,Unexpected administrator account,A new starter report that endpoint protection quarantined a suspicious file. This is a low-impact request with a flexible completion time. No recent local changes are known.,1,Security & Compliance,P4,Security Operations Center,contained the identity and completed security review
SYN-1328,Phishing message reported,One employee report that an unapproved privileged identity was created. This is a low-impact request with a flexible completion time. The requester reproduced the issue twice.,1,Security & Compliance,P4,Security Operations Center,isolated the endpoint and preserved investigation evidence
SYN-1329,Compliance scan failed,A new starter report that the device no longer meets the security baseline. This is a low-impact request with a flexible completion time. The issue began after a scheduled change.,1,Security & Compliance,P4,Security Operations Center,removed exposure and validated the compliance control
SYN-1330,Suspicious sign-in alert,One employee report that endpoint protection quarantined a suspicious file. This is a low-impact request with a flexible completion time. Initial restart and retry steps did not resolve it.,1,Security & Compliance,P4,Security Operations Center,contained the identity and completed security review
SYN-1331,Endpoint malware detection,A new starter report that an unapproved privileged identity was created. This is a low-impact request with a flexible completion time. The issue began after a scheduled change.,1,Security & Compliance,P4,Security Operations Center,isolated the endpoint and preserved investigation evidence
SYN-1332,Sensitive file shared externally,One employee report that the device no longer meets the security baseline. This is a low-impact request with a flexible completion time. Initial restart and retry steps did not resolve it.,1,Security & Compliance,P4,Security Operations Center,removed exposure and validated the compliance control
SYN-1333,Unexpected administrator account,A new starter report that endpoint protection quarantined a suspicious file. This is a low-impact request with a flexible completion time. The requester reproduced the issue twice.,1,Security & Compliance,P4,Security Operations Center,contained the identity and completed security review
SYN-1334,Phishing message reported,One employee report that an unapproved privileged identity was created. This is a low-impact request with a flexible completion time. The requester reproduced the issue twice.,1,Security & Compliance,P4,Security Operations Center,isolated the endpoint and preserved investigation evidence
SYN-1335,Compliance scan failed,A new starter report that the device no longer meets the security baseline. This is a low-impact request with a flexible completion time. Initial restart and retry steps did not resolve it.,1,Security & Compliance,P4,Security Operations Center,removed exposure and validated the compliance control
SYN-1336,Finance application crashes at launch,Company-wide report that the service returns an internal server error. Production work is stopped and no workaround exists. No recent local changes are known.,850,Software & Applications,P1,Application Support,repaired the application configuration and verified launch
SYN-1337,API returns server error,All customer-facing teams report that submitted fields are not saved. Production work is stopped and no workaround exists. No recent local changes are known.,420,Software & Applications,P1,Application Support,fixed the API dependency and tested the user path
SYN-1338,Desktop client cannot update,Company-wide report that the integration cannot authenticate to its dependency. Production work is stopped and no workaround exists. The requester reproduced the issue twice.,850,Software & Applications,P1,Application Support,deployed a corrected release and validated telemetry
SYN-1339,Form submission loses data,All customer-facing teams report that the service returns an internal server error. Production work is stopped and no workaround exists. The requester reproduced the issue twice.,420,Software & Applications,P1,Application Support,repaired the application configuration and verified launch
SYN-1340,Browser page remains blank,Company-wide report that submitted fields are not saved. Production work is stopped and no workaround exists. The issue began after a scheduled change.,850,Software & Applications,P1,Application Support,fixed the API dependency and tested the user path
SYN-1341,Integration job fails authentication,All customer-facing teams report that the integration cannot authenticate to its dependency. Production work is stopped and no workaround exists. The requester reproduced the issue twice.,420,Software & Applications,P1,Application Support,deployed a corrected release and validated telemetry
SYN-1342,Finance application crashes at launch,Company-wide report that the service returns an internal server error. Production work is stopped and no workaround exists. Initial restart and retry steps did not resolve it.,850,Software & Applications,P1,Application Support,repaired the application configuration and verified launch
SYN-1343,API returns server error,All customer-facing teams report that submitted fields are not saved. Production work is stopped and no workaround exists. No recent local changes are known.,420,Software & Applications,P1,Application Support,fixed the API dependency and tested the user path
SYN-1344,Desktop client cannot update,Company-wide report that the integration cannot authenticate to its dependency. Production work is stopped and no workaround exists. No recent local changes are known.,850,Software & Applications,P1,Application Support,deployed a corrected release and validated telemetry
SYN-1345,Form submission loses data,All customer-facing teams report that the service returns an internal server error. Production work is stopped and no workaround exists. The issue began after a scheduled change.,420,Software & Applications,P1,Application Support,repaired the application configuration and verified launch
SYN-1346,Browser page remains blank,Company-wide report that submitted fields are not saved. Production work is stopped and no workaround exists. No recent local changes are known.,850,Software & Applications,P1,Application Support,fixed the API dependency and tested the user path
SYN-1347,Integration job fails authentication,All customer-facing teams report that the integration cannot authenticate to its dependency. Production work is stopped and no workaround exists. No recent local changes are known.,420,Software & Applications,P1,Application Support,deployed a corrected release and validated telemetry
SYN-1348,Finance application crashes at launch,Multiple departments report that the service returns an internal server error. Critical business activity is degraded and the workaround is limited. Initial restart and retry steps did not resolve it.,95,Software & Applications,P2,Application Support,repaired the application configuration and verified launch
SYN-1349,API returns server error,An entire office report that submitted fields are not saved. Critical business activity is degraded and the workaround is limited. No recent local changes are known.,140,Software & Applications,P2,Application Support,fixed the API dependency and tested the user path
SYN-1350,Desktop client cannot update,Multiple departments report that the integration cannot authenticate to its dependency. Critical business activity is degraded and the workaround is limited. The issue began after a scheduled change.,95,Software & Applications,P2,Application Support,deployed a corrected release and validated telemetry
SYN-1351,Form submission loses data,An entire office report that the service returns an internal server error. Critical business activity is degraded and the workaround is limited. The issue began after a scheduled change.,140,Software & Applications,P2,Application Support,repaired the application configuration and verified launch
SYN-1352,Browser page remains blank,Multiple departments report that submitted fields are not saved. Critical business activity is degraded and the workaround is limited. No recent local changes are known.,95,Software & Applications,P2,Application Support,fixed the API dependency and tested the user path
SYN-1353,Integration job fails authentication,An entire office report that the integration cannot authenticate to its dependency. Critical business activity is degraded and the workaround is limited. The requester reproduced the issue twice.,140,Software & Applications,P2,Application Support,deployed a corrected release and validated telemetry
SYN-1354,Finance application crashes at launch,Multiple departments report that the service returns an internal server error. Critical business activity is degraded and the workaround is limited. No recent local changes are known.,95,Software & Applications,P2,Application Support,repaired the application configuration and verified launch
SYN-1355,API returns server error,An entire office report that submitted fields are not saved. Critical business activity is degraded and the workaround is limited. The issue began after a scheduled change.,140,Software & Applications,P2,Application Support,fixed the API dependency and tested the user path
SYN-1356,Desktop client cannot update,Multiple departments report that the integration cannot authenticate to its dependency. Critical business activity is degraded and the workaround is limited. The issue began after a scheduled change.,95,Software & Applications,P2,Application Support,deployed a corrected release and validated telemetry
SYN-1357,Form submission loses data,An entire office report that the service returns an internal server error. Critical business activity is degraded and the workaround is limited. Initial restart and retry steps did not resolve it.,140,Software & Applications,P2,Application Support,repaired the application configuration and verified launch
SYN-1358,Browser page remains blank,Multiple departments report that submitted fields are not saved. Critical business activity is degraded and the workaround is limited. No recent local changes are known.,95,Software & Applications,P2,Application Support,fixed the API dependency and tested the user path
SYN-1359,Integration job fails authentication,An entire office report that the integration cannot authenticate to its dependency. Critical business activity is degraded and the workaround is limited. No recent local changes are known.,140,Software & Applications,P2,Application Support,deployed a corrected release and validated telemetry
SYN-1360,Finance application crashes at launch,"A small team report that the service returns an internal server error. Normal work is affected, but a temporary workaround is available. Initial restart and retry steps did not resolve it.",8,Software & Applications,P3,Application Support,repaired the application configuration and verified launch
SYN-1361,API returns server error,"Several employees report that submitted fields are not saved. Normal work is affected, but a temporary workaround is available. The issue began after a scheduled change.",5,Software & Applications,P3,Application Support,fixed the API dependency and tested the user path
SYN-1362,Desktop client cannot update,"A small team report that the integration cannot authenticate to its dependency. Normal work is affected, but a temporary workaround is available. Initial restart and retry steps did not resolve it.",8,Software & Applications,P3,Application Support,deployed a corrected release and validated telemetry
SYN-1363,Form submission loses data,"Several employees report that the service returns an internal server error. Normal work is affected, but a temporary workaround is available. The requester reproduced the issue twice.",5,Software & Applications,P3,Application Support,repaired the application configuration and verified launch
SYN-1364,Browser page remains blank,"A small team report that submitted fields are not saved. Normal work is affected, but a temporary workaround is available. No recent local changes are known.",8,Software & Applications,P3,Application Support,fixed the API dependency and tested the user path
SYN-1365,Integration job fails authentication,"Several employees report that the integration cannot authenticate to its dependency. Normal work is affected, but a temporary workaround is available. The issue began after a scheduled change.",5,Software & Applications,P3,Application Support,deployed a corrected release and validated telemetry
SYN-1366,Finance application crashes at launch,"A small team report that the service returns an internal server error. Normal work is affected, but a temporary workaround is available. Initial restart and retry steps did not resolve it.",8,Software & Applications,P3,Application Support,repaired the application configuration and verified launch
SYN-1367,API returns server error,"Several employees report that submitted fields are not saved. Normal work is affected, but a temporary workaround is available. The issue began after a scheduled change.",5,Software & Applications,P3,Application Support,fixed the API dependency and tested the user path
SYN-1368,Desktop client cannot update,"A small team report that the integration cannot authenticate to its dependency. Normal work is affected, but a temporary workaround is available. The requester reproduced the issue twice.",8,Software & Applications,P3,Application Support,deployed a corrected release and validated telemetry
SYN-1369,Form submission loses data,"Several employees report that the service returns an internal server error. Normal work is affected, but a temporary workaround is available. No recent local changes are known.",5,Software & Applications,P3,Application Support,repaired the application configuration and verified launch
SYN-1370,Browser page remains blank,"A small team report that submitted fields are not saved. Normal work is affected, but a temporary workaround is available. Initial restart and retry steps did not resolve it.",8,Software & Applications,P3,Application Support,fixed the API dependency and tested the user path
SYN-1371,Integration job fails authentication,"Several employees report that the integration cannot authenticate to its dependency. Normal work is affected, but a temporary workaround is available. The issue began after a scheduled change.",5,Software & Applications,P3,Application Support,deployed a corrected release and validated telemetry
SYN-1372,Finance application crashes at launch,One employee report that the service returns an internal server error. This is a low-impact request with a flexible completion time. No recent local changes are known.,1,Software & Applications,P4,Application Support,repaired the application configuration and verified launch
SYN-1373,API returns server error,A new starter report that submitted fields are not saved. This is a low-impact request with a flexible completion time. No recent local changes are known.,1,Software & Applications,P4,Application Support,fixed the API dependency and tested the user path
SYN-1374,Desktop client cannot update,One employee report that the integration cannot authenticate to its dependency. This is a low-impact request with a flexible completion time. The issue began after a scheduled change.,1,Software & Applications,P4,Application Support,deployed a corrected release and validated telemetry
SYN-1375,Form submission loses data,A new starter report that the service returns an internal server error. This is a low-impact request with a flexible completion time. No recent local changes are known.,1,Software & Applications,P4,Application Support,repaired the application configuration and verified launch
SYN-1376,Browser page remains blank,One employee report that submitted fields are not saved. This is a low-impact request with a flexible completion time. No recent local changes are known.,1,Software & Applications,P4,Application Support,fixed the API dependency and tested the user path
SYN-1377,Integration job fails authentication,A new starter report that the integration cannot authenticate to its dependency. This is a low-impact request with a flexible completion time. Initial restart and retry steps did not resolve it.,1,Software & Applications,P4,Application Support,deployed a corrected release and validated telemetry
SYN-1378,Finance application crashes at launch,One employee report that the service returns an internal server error. This is a low-impact request with a flexible completion time. No recent local changes are known.,1,Software & Applications,P4,Application Support,repaired the application configuration and verified launch
SYN-1379,API returns server error,A new starter report that submitted fields are not saved. This is a low-impact request with a flexible completion time. Initial restart and retry steps did not resolve it.,1,Software & Applications,P4,Application Support,fixed the API dependency and tested the user path
SYN-1380,Desktop client cannot update,One employee report that the integration cannot authenticate to its dependency. This is a low-impact request with a flexible completion time. No recent local changes are known.,1,Software & Applications,P4,Application Support,deployed a corrected release and validated telemetry
SYN-1381,Form submission loses data,A new starter report that the service returns an internal server error. This is a low-impact request with a flexible completion time. The requester reproduced the issue twice.,1,Software & Applications,P4,Application Support,repaired the application configuration and verified launch
SYN-1382,Browser page remains blank,One employee report that submitted fields are not saved. This is a low-impact request with a flexible completion time. The requester reproduced the issue twice.,1,Software & Applications,P4,Application Support,fixed the API dependency and tested the user path
SYN-1383,Integration job fails authentication,A new starter report that the integration cannot authenticate to its dependency. This is a low-impact request with a flexible completion time. Initial restart and retry steps did not resolve it.,1,Software & Applications,P4,Application Support,deployed a corrected release and validated telemetry
